ID|NOME
9D7ADB32-7152-BC1B-25E2-D62EC8EF20D0|Shelly R. Everett
17578B88-8396-4482-D849-CD9B0A5E5A1B|Amery M. Bernard
5F88F924-B99A-79ED-9FD0-DA519297B2F7|Larissa X. Washington
38B4A121-7C46-5B75-F8AE-3AE91CB90494|Clementine H. Lang
0D2E6F0A-89EA-30D0-263D-CBDF28B26BD1|Kelsie W. Walton
17DCDF6B-471C-8018-005B-335DE4EA77AA|David W. Riggs
DB516FBD-15EB-D705-73ED-845E0F65BE0F|Knox J. Whitehead
3F7C8B01-FBD6-E3D6-B910-6A5887A1E3F2|Ina W. Fuentes
84CCA298-FF99-B808-307D-C760EDBE6D71|Alice A. Hall
9B4F276A-04C4-2A08-445E-1211BDF537D6|Ingrid H. Rosales
D0DC0FA0-AFC8-3359-441B-4374CD14F0DE|Ivan B. Salazar
AA496FE7-AEC4-9E9B-9B89-FB40431F2C2A|James N. Alford
CE0DACD6-B0F3-DFD4-3DE9-7FCF6BA0B95A|Aladdin B. Berg
5BEDD236-AAE3-06D9-A474-8D61B6F5BC97|Gavin R. Marquez
5DDE6974-710F-EE16-28E3-9AE1DBFBCE3A|Ulla Y. Hubbard
B20C5230-F3D6-BF38-94C3-9A415EE5431E|Sawyer B. Poole
E6218773-1449-89F6-CAF1-F2FFB2C7F68C|Katell P. Wheeler
54CE4821-BEFA-B9C0-09C5-1D837D14F3E2|Gray O. Clark
32108BC3-1C50-ACA0-3FDB-F0F8CDE97597|Tanisha N. Kelley
7154799B-9729-00B9-85B4-B6BBFF044DC0|Cora E. Norton
5BB80DFC-236D-9DC7-F220-80B9F8CBB93A|Brendan W. Sandoval
0A546F67-628A-3255-AC26-A8E2C92DDA71|Dexter J. Conway
600D351E-485E-3E42-D1AC-ED35FCB38961|Grady Q. Craig
0130D076-C060-58E8-D848-46054B306098|Cain J. Gill
F02A6205-A5AA-8907-6782-FE143BE51E80|Connor D. Hernandez
C274C483-C300-C671-85CD-36AF3156C556|Chancellor U. Mann
91691AEC-FD9F-566B-0410-C3B375162272|Sarah W. Riddle
A1A1AAB7-B435-0773-6FA2-105E8CB3F3E5|Nell F. Hooper
D251F513-0DF8-F0FF-77B3-7404AA4B04F7|Montana R. Love
628415E1-CEDF-BC1C-DC7B-1A1D254C96CC|Medge K. Sexton
438D92A5-3861-AE8B-AD55-6EB4ED28F90E|Burton S. Weaver
AE5F548E-BACC-493B-E8C2-B6331B2857B9|Nicole B. Newton
25561A3E-0CFE-4746-1FFF-4C7E1631AFC3|Vera V. Hahn
536C1BBF-7D73-5649-ECAF-EF0466F5ECEC|Kennan R. Bell
F0B53DD1-E591-239F-3FD7-1010403A4120|Lynn L. Day
96F34FE1-FBAB-66E7-866A-DA2C8F2FAF0E|Austin T. Webster
DA090BA2-4796-4A8F-A3B8-D88662E82630|Gary P. Townsend
97BCD35A-4213-A921-DB30-A59D179D8A46|Isaac W. Cunningham
2B7CEBBA-0D43-EADA-2010-71A6B7B08A59|Gisela S. Odonnell
F85B143F-7CC0-8D43-552E-4B64E65CE26E|Matthew L. Mueller
D083DBD9-A032-070B-9F2F-E291BE768C70|Samuel E. Hart
FA2B46B8-30D6-1E41-3D3D-9D03F335353E|Madeson L. Tyson
7D137EBA-4372-769D-6F01-DA993E8ED934|Hermione S. Lara
6EDD514C-22C4-EA5C-0354-01885E1A2553|Laura F. Dillard
82BE23D2-4262-1A2A-9ADC-83071F5A985F|Malcolm K. Herring
CD08024D-5207-AA2F-7C32-1685BF9E240F|Colorado T. Mendez
1961B717-6E7E-D1ED-9730-9FFA47056937|Ian P. Lewis
4363ECB8-1202-1BFF-210E-8ABC77C2A8C7|Aristotle P. Barry
6A62BC1B-3990-8651-BCD2-77733D9E99F3|Linda S. Sawyer
BC0B9ABE-8276-C828-6B48-8066156B1D0D|Lacy C. Wooten
97747D59-47EC-8295-F949-29012169FC21|Amelia H. Diaz
9A49A2E5-1F79-5FE4-D755-066182461E7B|Mufutau K. Page
FCBB445B-5D7E-672C-BC5A-FDF3F27D8D91|Kirk K. Drake
8FD25CA3-1B39-F0D2-36CD-D506D30FF824|Hayden L. Collins
E0DBE974-2804-8264-400A-9B3E521AFA2F|Kathleen S. Johnston
21D03980-5959-34EB-F9F4-9E1EA48C61D9|Stephen S. Vasquez
2C51108E-C919-2E63-30E5-2BDC49F46318|Madonna U. Wilder
4AFC7CF4-F28D-44C1-638A-693F88C1C898|Angelica V. Chapman
F04FA0B4-AF6A-5FE0-2076-E2D6A9555F0F|Barrett A. Dillard
D8DD9230-6AE7-D606-1D50-6D14F8558E85|Dustin B. Price
F44030D8-44E9-6507-C136-3A206B30973E|Sydney U. Ochoa
AEBB7256-4B89-DFC6-0DC7-AD592F086F0E|Gwendolyn L. Torres
A7D22E52-63C1-8230-10E7-ED2ABCF5CA68|Jakeem C. Cox
5E99277E-8462-ECC7-CA50-26ABF1053187|Clayton P. Hunt
AA2270CA-E27B-C5CB-50AD-C3EB75C9E99C|Arden P. Blackwell
1EB5F5EC-879B-BAED-47F1-FB21EC26537D|Louis G. Cohen
8496193E-F764-59D0-C648-0DF902A10B4E|Quinn G. Thompson
AB28A072-D003-3E0B-4542-6C22E9725238|August A. Dale
67E18743-2EC9-FEE7-642C-84F489AD03B0|Harper B. Mccullough
A564F58D-3B71-03A0-50A3-79569E11D3CF|Ulysses U. Herring
75968E4A-6F58-0C5B-0D49-B65E436AA006|Prescott O. Wiggins
5B2E3CA8-525F-B1A1-BA6F-D9436E341345|Barrett A. Irwin
D2AE3961-752D-9030-EAA1-AA7B20E652E1|Dexter N. Meyer
C9DF940A-AD24-E9B3-8C17-C596DF8B09B1|Fredericka Q. Rasmussen
1B62DA2A-CF8D-9016-1AC1-F44116FC8298|Kameko Q. Grimes
A4496167-F609-0B62-C0A8-4E6FD9960EBE|Dillon X. Moss
F4BE9024-29D1-1095-51A0-DCD14DAAA183|Cheyenne Q. Mendez
FC5186ED-632C-CCD9-227A-97AD7B368378|Jonas R. Wagner
57273D78-50B2-5D07-3447-9CB284B12553|Tatyana M. Rosario
72049193-3158-A3E6-7704-DD1C54FB7A47|Omar K. Le
CEB1BCD8-FAA1-4329-A76F-D17129AEC117|Hayden I. Gaines
4502F909-A55A-021B-DC02-80DF6A88743F|Kessie A. Swanson
D84E00CA-77AF-1565-6F25-C29D9EAC6143|Britanney F. Haney
EAF1CF21-383B-FE36-3BAC-783C60AEED90|Clayton A. Webb
4B394243-178B-B52B-6BBC-18465FA4A428|Lynn T. Graham
31E4F8D5-E62D-4076-68D2-8C219F45F7A4|Fuller O. Stuart
9D9DC273-3378-C786-742A-68CC1C22C10B|Leo J. Sheppard
7D52C9A0-17C9-FBC7-8BBF-D529807D8160|Kato I. Justice
690D8FA2-F615-965D-1B85-BA9A8B944795|Josephine U. Tran
992F2686-5747-A445-F7D4-E14E791AE3A2|Tatyana D. Evans
1A699E9D-97ED-3124-B7F5-DF7E4B40DA81|Brock D. Burt
266B3DEF-999A-15BB-0F2B-A3E4771247C9|Brielle Z. Salinas
56CBCCB1-D44E-E3EC-D164-2B2CD52E753A|Jasmine R. Cole
AA9BA8A9-FC8C-A364-23B8-A46827311D25|Nathan H. Hines
91965E62-23A7-BF86-F012-A6F6AFA1B67D|Karleigh I. Baird
03124217-315E-120C-8441-B493FF8C31B6|Colorado O. Fuller
77946351-5EF0-9C6D-91DC-6F07335BBA0D|Kaseem S. Boone
6D994073-3025-3920-BDEE-C72690F3BB90|Barrett T. Goff
4FA9E330-999B-46A7-5F18-A083AEE5A5C5|Camille Y. Morton
A1772570-4445-4120-E16F-CD0344761132|Joel V. Rhodes